{"follower":{"acc":[0,-1.8415226517227303,0.37293058088955178,0.361251520809887,0.26887399085089747,0.1998151385602025,0.15003031109343112,0.1135657512539332,0.086474482162648414,0.066134146910700409,0.050743394074904913,0.039030116324276776,0.0300766268350543,0.023210000297298805,0.017930533360381418,0.013863524320322895,0.010725879545619321,0.008302465838797346,0.0064290552195771511,0.0049798398394393928,0.0038581818561276293,0.00298969365167423,0.0023170213659717831,0.0017958884230200312,0.0013920802312412661,0.0010791374535745746,0.00083658609317538435,0.00064857631086745471,0.00050283368509873583,0.00038985005363301184,0.00030225851807585968,0.00023435028213469877,0.00018170088809910112,0.00014088093150022019,0.00010923207065793861,8.4693538783042754E-5,6.5667739733044073E-5,5.0916102978249E-5,3.9478373476953266E-5,3.0610056240831796E-5,2.3733927379865349E-5],"lane":[1,1,1,1,1,1,1,1,1,1,1,1,1,1,1,1,1,1,1,1,1,1,1,1,1,1,1,1,1,1,1,1,1,1,1,1,1,1,1,1,1],"pos":[0,11.079238674138635,21.424181312860679,32.136215002432444,43.1633114478346,54.424752457942304,65.861116192876835,77.42927795898504,89.097459841801538,100.84194603915472,112.6448710070007,124.49268273004627,136.3750478246715,148.28405623286289,160.21363490788312,172.1591106117437,184.11688101753728,196.08416559602307,208.05881593503804,220.03917072158251,232.02394451897476,244.0121422541209,256.0029933467759,267.99590089432536,279.99040242620197,291.98613956692094,303.98283456941334,315.98027215310771,327.9782854418001,339.97674507236184,351.97555075720948,363.97462474645715,375.97390676129,387.97335006703264,399.97291842927638,411.97258375432483,423.9723242600125,435.97212305762156,447.97196705246881,459.97184609153095,471.97175230258489],"speed":[12,10.15847734827727,10.531407929166821,10.892659449976708,11.161533440827606,11.361348579387808,11.51137889048124,11.624944641735173,11.711419123897821,11.777553270808522,11.828296664883426,11.867326781207703,11.897403408042758,11.920613408340056,11.938543941700438,11.952407466020761,11.96313334556638,11.971435811405177,11.977864866624754,11.982844706464194,11.986702888320321,11.989692581971996,11.992009603337968,11.993805491760988,11.995197571992229,11.996276709445803,11.997113295538979,11.997761871849846,11.998264705534945,11.998654555588578,11.998956814106654,11.999191164388789,11.999372865276888,11.999513746208388,11.999622978279046,11.999707671817829,11.999773339557562,11.99982425566054,11.999863734034017,11.999894344090258,11.999918078017638]},"leader":{"acc":[0,0,0,0,0,0,0,0,0,0,0,0,0,0,0,0,0,0,0,0,0,0,0,0,0,0,0,0,0,0,0,0,0,0,0,0,0,0,0,0,0],"lane":[1,1,1,1,1,1,1,1,1,1,1,1,1,1,1,1,1,1,1,1,1,1,1,1,1,1,1,1,1,1,1,1,1,1,1,1,1,1,1,1,1],"pos":[13.9,25.9,37.9,49.9,61.9,73.9,85.9,97.9,109.9,121.9,133.9,145.9,157.9,169.9,181.9,193.9,205.9,217.9,229.9,241.9,253.9,265.9,277.9,289.9,301.9,313.9,325.9,337.9,349.9,361.9,373.9,385.9,397.9,409.9,421.9,433.9,445.9,457.9,469.9,481.9,493.9],"speed":[12,12,12,12,12,12,12,12,12,12,12,12,12,12,12,12,12,12,12,12,12,12,12,12,12,12,12,12,12,12,12,12,12,12,12,12,12,12,12,12,12]},"time":[0,1,2,3,4,5,6,7,8,9,10,11,12,13,14,15,16,17,18,19,20,21,22,23,24,25,26,27,28,29,30,31,32,33,34,35,36,37,38,39,40]}