{"follower_1":{"acc":[0,0.2765746735107566,-0.056451419356077892,-0.056479827843309849,-0.042757278148100042,-0.0317254308260857,-0.023460691447294124,-0.017320206678814287,-0.012771934852791489,-0.0094099022433749013,-0.0069284489822134532,-0.0050989640791119228,-0.0037512556443832779,-1.5015760591596461,0.63709904261455108,0.5271476417502452,0.36656473872388773,0.25817907760885461,0.18517183663174563,0.1345117658560202,0.098565851543078509,0.072665363428635388,0.053801624869331377,0.039957712563699843,0.02974195017658765,0.022173481489579316,0.016550055743358882,0.012362995552640754,0.0092406300280547526,0.0069096356261972858,0.00516804552496275,0.0038660874070917117,0.0028924008390500688,0.0021640239952365192,0.0016190627840462213,0.0012112923709270973,0.0009061641381293839,0.00067784237099211,0.00050699965840017569,0.00037917371851747816,0.00028354100393457315],"lane":[1,1,1,1,1,1,1,1,1,1,1,1,2,2,2,2,2,2,2,2,2,2,2,2,2,2,2,2,2,2,2,2,2,2,2,2,2,2,2,2,2],"pos":[60,70.138287336755383,80.3866363005881,90.578519640821128,100.72078442805845,110.82580786080868,120.90323823242221,130.96027815497271,141.00227200675741,151.033174939994,161.05590869761784,171.07262874871097,181.08492368994237,190.34455497377172,199.17194774932852,208.58146386706773,218.437836175044,228.60658039118667,238.99700006444965,249.54726153895649,260.21406182216288,270.96647771285512,281.78212709769639,292.64465615125414,303.542035036182,314.465371636943,325.40807000632043,336.36522490134587,347.33318160916167,358.30921344980459,369.29128413102313,380.27787187870769,391.26783887051528,402.26033407474,413.25472082235439,424.25052274754626,435.24738340099265,446.24503605769365,457.24328113540935,468.24196929981349,479.24098882157881],"speed":[10,10.276574673510757,10.220123254154679,10.163643426311369,10.120886148163269,10.089160717337183,10.065700025889889,10.048379819211075,10.035607884358283,10.026197982114908,10.019269533132695,10.014170569053583,10.0104193134092,8.5088432542495536,9.1459422968641046,9.67308993861435,10.039654677338238,10.297833754947092,10.483005591578838,10.617517357434858,10.716083208977937,10.788748572406572,10.842550197275903,10.882507909839603,10.912249860016191,10.93442334150577,10.950973397249129,10.96333639280177,10.972577022829825,10.979486658456022,10.984654703980985,10.988520791388076,10.991413192227126,10.993577216222363,10.995196279006409,10.996407571377336,10.997313735515466,10.997991577886458,10.998498577544858,10.998877751263375,10.99916129226731]},"follower_2":{"acc":[0,1.2076147288491192,1.1211782728035331,1.0239773549990563,0.92202511699974643,-0.46324147592221188,-0.55794215132348945,-0.46871884269916819,-0.38298395434395793,-0.3086288770395953,-0.24581700737415879,-0.19383214212023958,-0.15155629971824425,-0.11768018357010135,-0.090863414618510774,-0.069843303246807764,-0.053496123304810794,-0.040861819877026306,-0.031144432888208229,-0.023698654111379724,-0.018010028680903289,-0.013673580509006911,-0.010373547811870054,-0.0078655026976903741,-0.0059612678245954953,-0.0045165695686044671,-0.0034211406841375691,-0.0025909042686507178,-0.0019618680253685739,-0.0014853924762281423,-0.0011245455476309729,-0.00085130643684827589,-0.00064442794472618914,-0.00048780623973065929,-0.00036923990631798631,-0.00027948663906940396,-0.00021154694683822584,-0.00016012066835457972,-0.00012119485480432957,-9.1731408442541351E-5,-6.9430411347326526E-5],"lane":[2,2,2,2,2,2,2,2,2,2,2,2,2,2,2,2,2,2,2,2,2,2,2,2,2,2,2,2,2,2,2,2,2,2,2,2,2,2,2,2,2],"pos":[40,50.603807364424561,62.372011229675444,75.212792908827623,89.0265758239792,103.06975055966954,116.60233348173705,129.62158590679323,142.21498693332782,154.46258154417063,166.43295321280658,178.18350030669532,189.76135317966484,201.20458781099018,212.54355064322121,223.80216011651959,234.99909987654215,246.1488606649738,257.26261832702278,268.348954445572,279.4144362227251,290.46407619528321,301.50169260368091,312.53018948682387,323.55177298470568,334.56811756389084,345.58049328794965,356.58986298953204,367.59695630496748,378.60232599015211,389.60639070632476,400.6094674965052,411.61179641949485,422.61355922539229,433.61489350821671,444.61590342776839,455.61666783052715,466.61724639947829,477.61768431066787,488.61801575872579,499.61826662587384],"speed":[10,11.207614728849119,12.328793001652652,13.352770356651709,14.274795473651455,13.811553997729243,13.253611846405754,12.784893003706586,12.401909049362628,12.093280172323032,11.847463164948874,11.653631022828634,11.50207472311039,11.384394539540288,11.293531124921778,11.22368782167497,11.170191698370159,11.129329878493133,11.098185445604924,11.074486791493545,11.056476762812641,11.042803182303635,11.032429634491765,11.024564131794074,11.018602863969479,11.014086294400874,11.010665153716737,11.008074249448086,11.006112381422717,11.004626988946489,11.003502443398858,11.00265113696201,11.002006709017284,11.001518902777553,11.001149662871235,11.000870176232166,11.000658629285327,11.000498508616973,11.000377313762169,11.000285582353726,11.000216151942379]},"leader_1":{"acc":[0,0,0,0,0,0,0,0,0,0,0,0,0,0,0,0,0,0,0,0,0,0,0,0,0,0,0,0,0,0,0,0,0,0,0,0,0,0,0,0,0],"lane":[1,1,1,1,1,1,1,1,1,1,1,1,1,1,1,1,1,1,1,1,1,1,1,1,1,1,1,1,1,1,1,1,1,1,1,1,1,1,1,1,1],"pos":[80,90,100,110,120,130,140,150,160,170,180,190,200,210,220,230,240,250,260,270,280,290,300,310,320,330,340,350,360,370,380,390,400,410,420,430,440,450,460,470,480],"speed":[10,10,10,10,10,10,10,10,10,10,10,10,10,10,10,10,10,10,10,10,10,10,10,10,10,10,10,10,10,10,10,10,10,10,10,10,10,10,10,10,10]},"leader_2":{"acc":[0,0,0,0,0,0,0,0,0,0,0,0,0,0,0,0,0,0,0,0,0,0,0,0,0,0,0,0,0,0,0,0,0,0,0,0,0,0,0,0,0],"lane":[2,2,2,2,2,2,2,2,2,2,2,2,2,2,2,2,2,2,2,2,2,2,2,2,2,2,2,2,2,2,2,2,2,2,2,2,2,2,2,2,2],"pos":[80,91,102,113,124,135,146,157,168,179,190,201,212,223,234,245,256,267,278,289,300,311,322,333,344,355,366,377,388,399,410,421,432,443,454,465,476,487,498,509,520],"speed":[11,11,11,11,11,11,11,11,11,11,11,11,11,11,11,11,11,11,11,11,11,11,11,11,11,11,11,11,11,11,11,11,11,11,11,11,11,11,11,11,11]},"time":[0,1,2,3,4,5,6,7,8,9,10,11,12,13,14,15,16,17,18,19,20,21,22,23,24,25,26,27,28,29,30,31,32,33,34,35,36,37,38,39,40]}